year,diversity_group,n_papers,sum_cited,sum_mutual,rate_pct
1975,1,89416,1258080,1294,0.1029
1975,2,20249,537681,1662,0.3091
1976,1,120786,1398875,1295,0.0926
1976,2,48138,967730,1430,0.1478
1976,3,17779,519371,2295,0.4419
1977,1,125768,1196370,1152,0.0963
1977,2,67347,1162048,1552,0.1336
1977,3,32970,799734,3309,0.4138
1977,4,13511,465199,1748,0.3758
1978,1,123278,1021278,932,0.0913
1978,2,78543,1190177,1098,0.0923
1978,3,44723,963726,1725,0.1790
1978,4,21284,630880,2465,0.3907
1979,1,122081,919245,930,0.1012
1979,2,83762,1180525,1393,0.1180
1979,3,53863,1088793,3590,0.3297
1979,4,27892,758594,2329,0.3070
1979,5,12992,468387,1032,0.2203
1979,6+,10665,888764,767,0.0863
1980,1,123335,868449,870,0.1002
1980,2,91058,1210437,1015,0.0839
1980,3,61643,1177992,2079,0.1765
1980,4,34742,887213,1567,0.1766
1980,5,17305,579602,1628,0.2809
1980,6+,14946,1076471,1383,0.1285
1981,1,122727,818193,854,0.1044
1981,2,95127,1229819,949,0.0772
1981,3,68396,1271053,1823,0.1434
1981,4,40940,1020723,2393,0.2344
1981,5,21311,680536,943,0.1386
1981,6+,19225,1307236,933,0.0714
1982,1,121657,776341,902,0.1162
1982,2,96808,1215510,1245,0.1024
1982,3,72897,1329736,1865,0.1403
1982,4,45439,1112681,1529,0.1374
1982,5,24971,789873,1246,0.1577
1982,6+,24306,1703243,1012,0.0594
1983,1,123556,774807,860,0.1110
1983,2,102135,1258117,1132,0.0900
1983,3,78294,1403293,1637,0.1167
1983,4,50034,1207890,1758,0.1455
1983,5,28566,893351,1023,0.1145
1983,6+,28722,1756693,836,0.0476
1984,1,126521,785316,934,0.1189
1984,2,105788,1286737,1401,0.1089
1984,3,82580,1475187,1360,0.0922
1984,4,55155,1322357,1671,0.1264
1984,5,32250,984412,858,0.0872
1984,6+,33770,2050034,1016,0.0496
1985,1,127560,784350,954,0.1216
1985,2,110110,1323728,1406,0.1062
1985,3,87121,1555324,1441,0.0926
1985,4,58676,1392101,1042,0.0749
1985,5,34939,1069346,579,0.0541
1985,6+,37511,2185125,1066,0.0488
1986,1,130263,794764,912,0.1148
1986,2,114976,1376007,1108,0.0805
1986,3,92923,1646852,1896,0.1151
1986,4,64251,1521260,1696,0.1115
1986,5,38990,1179602,747,0.0633
1986,6+,42854,2459208,953,0.0388
1987,1,136576,827701,1064,0.1285
1987,2,120539,1442777,1325,0.0918
1987,3,98612,1759215,1336,0.0759
1987,4,68626,1630833,1038,0.0636
1987,5,42256,1280366,610,0.0476
1987,6+,46883,2571396,980,0.0381
1988,1,142601,863847,953,0.1103
1988,2,128196,1529648,1437,0.0939
1988,3,105293,1875382,1375,0.0733
1988,4,73977,1763389,1235,0.0700
1988,5,46276,1410273,757,0.0537
1988,6+,52083,2933279,1285,0.0438
1989,1,145562,902432,1088,0.1206
1989,2,134018,1624431,1324,0.0815
1989,3,112275,2040322,1376,0.0674
1989,4,79144,1935237,1089,0.0563
1989,5,50440,1542133,840,0.0545
1989,6+,57638,3226175,1266,0.0392
1990,1,152482,936259,1074,0.1147
1990,2,141195,1721014,1584,0.0920
1990,3,118822,2174806,1746,0.0803
1990,4,85273,2084135,1364,0.0654
1990,5,54040,1681894,820,0.0488
1990,6+,62872,3450002,1901,0.0551
1991,1,155000,981221,1169,0.1191
1991,2,149025,1854612,1588,0.0856
1991,3,125829,2347357,1787,0.0761
1991,4,90469,2254729,1341,0.0595
1991,5,57834,1812560,926,0.0511
1991,6+,68075,3772957,1717,0.0455
1992,1,160764,1016512,1174,0.1155
1992,2,155212,1954980,1650,0.0844
1992,3,132562,2514292,1655,0.0658
1992,4,95513,2406495,1524,0.0633
1992,5,61528,1943966,999,0.0514
1992,6+,72748,4273307,1769,0.0414
1993,1,162967,1054174,1162,0.1102
1993,2,158588,2035207,1531,0.0752
1993,3,134530,2590974,1456,0.0562
1993,4,96909,2484098,1353,0.0545
1993,5,61934,1988835,919,0.0462
1993,6+,73694,4063610,1655,0.0407
1994,1,165482,1087395,1255,0.1154
1994,2,162637,2125902,1625,0.0764
1994,3,140071,2764957,1807,0.0654
1994,4,102303,2667423,1413,0.0530
1994,5,65710,2139366,1228,0.0574
1994,6+,80370,4529035,2057,0.0454
1995,1,170552,1146480,1375,0.1199
1995,2,168720,2257505,1707,0.0756
1995,3,147605,2961920,1800,0.0608
1995,4,108782,2882427,1709,0.0593
1995,5,69787,2298284,1308,0.0569
1995,6+,87544,5082254,2161,0.0425
1996,1,183934,1249413,1385,0.1109
1996,2,181028,2463646,1813,0.0736
1996,3,157843,3211268,2004,0.0624
1996,4,116851,3113939,1675,0.0538
1996,5,77133,2548449,1222,0.0480
1996,6+,98131,5603364,2207,0.0394
1997,1,191376,1331114,1524,0.1145
1997,2,191925,2653779,1869,0.0704
1997,3,169882,3538160,2083,0.0589
1997,4,125057,3396043,1883,0.0554
1997,5,82653,2771382,1425,0.0514
1997,6+,104269,5796813,2704,0.0466
1998,1,205275,1443482,1792,0.1241
1998,2,204638,2895989,2231,0.0770
1998,3,182086,3898403,2363,0.0606
1998,4,133442,3737657,2012,0.0538
1998,5,88199,3030287,1558,0.0514
1998,6+,111891,6301949,2695,0.0428
1999,1,212113,1571301,1775,0.1130
1999,2,217136,3170014,2533,0.0799
1999,3,192852,4238013,2968,0.0700
1999,4,143504,4088815,2569,0.0628
1999,5,94274,3293322,1830,0.0556
1999,6+,120596,6864858,3215,0.0468
2000,1,251994,1925005,1937,0.1006
2000,2,244254,3760415,2764,0.0735
2000,3,215108,4955903,3351,0.0676
2000,4,159718,4726500,2948,0.0624
2000,5,104599,3775069,2052,0.0544
2000,6+,140360,8742419,4157,0.0475
2001,1,247231,1891828,2286,0.1208
2001,2,252990,3841213,3121,0.0813
2001,3,223401,5094817,3785,0.0743
2001,4,164641,4825117,3183,0.0660
2001,5,108413,3886711,2432,0.0626
2001,6+,145121,8960272,4553,0.0508
2002,1,368498,2703210,3045,0.1126
2002,2,375361,5165758,4303,0.0833
2002,3,286066,6124949,4743,0.0774
2002,4,195478,5592542,3792,0.0678
2002,5,123824,4435850,2877,0.0649
2002,6+,163900,10131733,5128,0.0506
2003,1,337975,2638448,2950,0.1118
2003,2,348328,5213808,4168,0.0799
2003,3,287551,6591692,4854,0.0736
2003,4,206177,6169646,4329,0.0702
2003,5,135521,4983774,3215,0.0645
2003,6+,186397,12043754,6264,0.0520
2004,1,353077,2840951,3230,0.1137
2004,2,353772,5506779,4161,0.0756
2004,3,299742,7028063,5055,0.0719
2004,4,217091,6612474,4507,0.0682
2004,5,144172,5369753,3362,0.0626
2004,6+,202171,12899514,6963,0.0540
2005,1,417906,3284325,3588,0.1092
2005,2,402906,6245015,4670,0.0748
2005,3,336090,7901540,5442,0.0689
2005,4,242192,7424127,4802,0.0647
2005,5,160383,6083399,3830,0.0630
2005,6+,230091,15122405,7976,0.0527
2006,1,443151,3681959,3754,0.1020
2006,2,437000,6970092,5064,0.0727
2006,3,360919,8633644,5944,0.0688
2006,4,263233,8186003,5488,0.0670
2006,5,177590,6797273,4541,0.0668
2006,6+,256198,16292540,8985,0.0551
2007,1,444518,3838718,3721,0.0969
2007,2,449962,7367939,5465,0.0742
2007,3,379488,9266271,6299,0.0680
2007,4,279908,8871156,6073,0.0685
2007,5,191601,7444847,4957,0.0666
2007,6+,282968,18216971,10347,0.0568
2008,1,497216,4223389,4939,0.1169
2008,2,485564,8073382,5932,0.0735
2008,3,408601,10102709,7174,0.0710
2008,4,302742,9748093,6861,0.0704
2008,5,207249,8168528,5640,0.0690
2008,6+,310144,20123208,11554,0.0574
2009,1,510484,4565614,4125,0.0903
2009,2,521278,8721661,6243,0.0716
2009,3,437670,10872656,7414,0.0682
2009,4,325173,10507778,7272,0.0692
2009,5,224996,8978377,6440,0.0717
2009,6+,344705,22895508,13643,0.0596
2010,1,555013,4933694,3899,0.0790
2010,2,556435,9468146,6101,0.0644
2010,3,468545,11806007,7277,0.0616
2010,4,351960,11555185,7092,0.0614
2010,5,244870,9870555,5865,0.0594
2010,6+,381017,25253884,13725,0.0543
2011,1,577726,5335332,3889,0.0729
2011,2,598558,10239161,6178,0.0603
2011,3,508982,12964669,7767,0.0599
2011,4,384355,12741911,7192,0.0564
2011,5,271573,11050912,6453,0.0584
2011,6+,430681,28770524,15837,0.0550
2012,1,620497,5694417,3920,0.0688
2012,2,631055,11015430,6492,0.0589
2012,3,540394,13918574,7651,0.0550
2012,4,413903,13900128,7883,0.0567
2012,5,295532,12164097,6764,0.0556
2012,6+,477430,32320634,16979,0.0525
2013,1,667375,6159189,4281,0.0695
2013,2,671341,11813477,6671,0.0565
2013,3,577028,14967006,7788,0.0520
2013,4,444272,15010165,8013,0.0534
2013,5,318905,13178795,6947,0.0527
2013,6+,519853,34485094,16575,0.0481
2014,1,695581,6539845,4091,0.0626
2014,2,705929,12579717,6052,0.0481
2014,3,611027,16018573,7142,0.0446
2014,4,473045,16116334,7047,0.0437
2014,5,342612,14262136,6053,0.0424
2014,6+,567914,37630380,15116,0.0402
2015,1,689497,6743108,3770,0.0559
2015,2,708475,12987483,5263,0.0405
2015,3,616231,16525141,6086,0.0368
2015,4,482333,16693620,5839,0.0350
2015,5,350920,14731619,5300,0.0360
2015,6+,589600,38632246,12481,0.0323
2016,1,690391,6911209,3500,0.0506
2016,2,700920,13244195,5616,0.0424
2016,3,616900,16955140,6229,0.0367
2016,4,485517,17141131,5669,0.0331
2016,5,355691,15210647,4542,0.0299
2016,6+,607152,39946845,9937,0.0249
2017,1,706943,7087099,3872,0.0546
2017,2,714082,13673001,6224,0.0455
2017,3,632953,17638368,7567,0.0429
2017,4,502109,17995762,7129,0.0396
2017,5,371169,16090441,5793,0.0360
2017,6+,642690,42855376,13625,0.0318
2018,1,740609,7466759,5223,0.0700
2018,2,761479,14619594,9180,0.0628
2018,3,674600,18776082,10907,0.0581
2018,4,538660,19316107,10813,0.0560
2018,5,402539,17453197,9590,0.0549
2018,6+,705349,47918551,22784,0.0475
2019,1,771752,7883649,4999,0.0634
2019,2,806995,15675814,9245,0.0590
2019,3,723353,20365826,12440,0.0611
2019,4,586776,21256298,13078,0.0615
2019,5,444195,19504839,10789,0.0553
2019,6+,816121,58796040,25187,0.0428
2020,1,845775,8802310,3933,0.0447
2020,2,893069,17718305,5876,0.0332
2020,3,819084,23338042,7378,0.0316
2020,4,680093,24977095,7417,0.0297
2020,5,524859,23263149,6319,0.0272
2020,6+,1004687,71852040,15932,0.0222
2021,1,819512,9236054,1369,0.0148
2021,2,923764,19000954,2664,0.0140
2021,3,869125,25496535,3349,0.0131
2021,4,739474,27695141,3135,0.0113
2021,5,583205,26259702,2451,0.0093
2021,6+,1178491,82606220,7370,0.0089
2022,1,780928,9147506,1128,0.0123
2022,2,916459,19165948,2136,0.0111
2022,3,873853,25791324,2441,0.0095
2022,4,745773,27899289,2508,0.0090
2022,5,590669,26419709,2150,0.0081
2022,6+,1160990,78755349,5793,0.0074
2023,1,833463,9492751,979,0.0103
2023,2,972364,19953477,1651,0.0083
2023,3,921451,26624259,2116,0.0079
2023,4,783448,28764072,2068,0.0072
2023,5,618840,27307599,1755,0.0064
2023,6+,1237825,84231097,4331,0.0051
2024,1,8677349,25461726,547,0.0021
2024,2,2476996,25997877,939,0.0036
2024,3,869266,26657193,1234,0.0046
2024,4,773111,29754286,1224,0.0041
2024,5,631221,28757674,1078,0.0037
2024,6+,1322808,89602785,3478,0.0039
2025,1,9114332,30487466,212,0.0007
2025,2,4071611,32519378,442,0.0014
2025,3,893743,24475712,525,0.0021
2025,4,698138,26963813,479,0.0018
2025,5,583222,26621874,460,0.0017
2025,6+,1275509,86409800,1012,0.0012
