year,diversity_group,n_papers,n_with_mutual,share_pct
1975,1,89416,5374,6.0101
1975,2,20249,2050,10.1240
1976,1,120786,4426,3.6643
1976,2,48138,3196,6.6392
1976,3,17779,1605,9.0275
1977,1,125768,3474,2.7622
1977,2,67347,3448,5.1198
1977,3,32970,2270,6.8850
1977,4,13511,1104,8.1711
1978,1,123278,2681,2.1748
1978,2,78543,3261,4.1519
1978,3,44723,2406,5.3798
1978,4,21284,1437,6.7516
1979,1,122081,2578,2.1117
1979,2,83762,3159,3.7714
1979,3,53863,2804,5.2058
1979,4,27892,1803,6.4642
1979,5,12992,913,7.0274
1979,6+,10665,822,7.7075
1980,1,123335,2276,1.8454
1980,2,91058,3218,3.5340
1980,3,61643,2958,4.7986
1980,4,34742,2093,6.0244
1980,5,17305,1169,6.7553
1980,6+,14946,1125,7.5271
1981,1,122727,2242,1.8268
1981,2,95127,3088,3.2462
1981,3,68396,2982,4.3599
1981,4,40940,2296,5.6082
1981,5,21311,1351,6.3394
1981,6+,19225,1423,7.4018
1982,1,121657,2085,1.7138
1982,2,96808,3118,3.2208
1982,3,72897,3159,4.3335
1982,4,45439,2474,5.4447
1982,5,24971,1516,6.0710
1982,6+,24306,1663,6.8419
1983,1,123556,2162,1.7498
1983,2,102135,3202,3.1351
1983,3,78294,3202,4.0897
1983,4,50034,2616,5.2284
1983,5,28566,1641,5.7446
1983,6+,28722,1927,6.7091
1984,1,126521,2122,1.6772
1984,2,105788,3195,3.0202
1984,3,82580,3380,4.0930
1984,4,55155,2750,4.9859
1984,5,32250,1911,5.9256
1984,6+,33770,2206,6.5324
1985,1,127560,2240,1.7560
1985,2,110110,3410,3.0969
1985,3,87121,3376,3.8751
1985,4,58676,2793,4.7600
1985,5,34939,1939,5.5497
1985,6+,37511,2510,6.6914
1986,1,130263,2109,1.6190
1986,2,114976,3307,2.8763
1986,3,92923,3467,3.7310
1986,4,64251,2908,4.5260
1986,5,38990,2066,5.2988
1986,6+,42854,2832,6.6085
1987,1,136576,2213,1.6203
1987,2,120539,3424,2.8406
1987,3,98612,3716,3.7683
1987,4,68626,3022,4.4036
1987,5,42256,2265,5.3602
1987,6+,46883,2850,6.0790
1988,1,142601,2248,1.5764
1988,2,128196,3602,2.8098
1988,3,105293,3842,3.6489
1988,4,73977,3266,4.4149
1988,5,46276,2463,5.3224
1988,6+,52083,3315,6.3648
1989,1,145562,2459,1.6893
1989,2,134018,3697,2.7586
1989,3,112275,3990,3.5538
1989,4,79144,3347,4.2290
1989,5,50440,2508,4.9722
1989,6+,57638,3479,6.0359
1990,1,152482,2407,1.5785
1990,2,141195,3928,2.7820
1990,3,118822,4188,3.5246
1990,4,85273,3581,4.1995
1990,5,54040,2614,4.8372
1990,6+,62872,3902,6.2063
1991,1,155000,2585,1.6677
1991,2,149025,4057,2.7224
1991,3,125829,4487,3.5660
1991,4,90469,3732,4.1252
1991,5,57834,2729,4.7187
1991,6+,68075,4021,5.9067
1992,1,160764,2644,1.6446
1992,2,155212,4222,2.7202
1992,3,132562,4589,3.4618
1992,4,95513,3927,4.1115
1992,5,61528,3025,4.9165
1992,6+,72748,4564,6.2737
1993,1,162967,2676,1.6421
1993,2,158588,4270,2.6925
1993,3,134530,4520,3.3598
1993,4,96909,4010,4.1379
1993,5,61934,2775,4.4806
1993,6+,73694,4342,5.8919
1994,1,165482,2794,1.6884
1994,2,162637,4456,2.7398
1994,3,140071,4829,3.4475
1994,4,102303,4111,4.0185
1994,5,65710,3034,4.6173
1994,6+,80370,4788,5.9574
1995,1,170552,2934,1.7203
1995,2,168720,4589,2.7199
1995,3,147605,5114,3.4647
1995,4,108782,4423,4.0659
1995,5,69787,3330,4.7717
1995,6+,87544,5076,5.7982
1996,1,183934,3033,1.6490
1996,2,181028,4640,2.5631
1996,3,157843,5254,3.3286
1996,4,116851,4600,3.9366
1996,5,77133,3303,4.2822
1996,6+,98131,5387,5.4896
1997,1,191376,3116,1.6282
1997,2,191925,4858,2.5312
1997,3,169882,5659,3.3311
1997,4,125057,4885,3.9062
1997,5,82653,3761,4.5503
1997,6+,104269,5922,5.6795
1998,1,205275,3417,1.6646
1998,2,204638,5365,2.6217
1998,3,182086,6057,3.3265
1998,4,133442,5270,3.9493
1998,5,88199,3887,4.4071
1998,6+,111891,6255,5.5903
1999,1,212113,3633,1.7128
1999,2,217136,5639,2.5970
1999,3,192852,6635,3.4405
1999,4,143504,5635,3.9267
1999,5,94274,4267,4.5262
1999,6+,120596,6836,5.6685
2000,1,251994,3860,1.5318
2000,2,244254,6111,2.5019
2000,3,215108,7135,3.3169
2000,4,159718,6149,3.8499
2000,5,104599,4504,4.3060
2000,6+,140360,7773,5.5379
2001,1,247231,4134,1.6721
2001,2,252990,6516,2.5756
2001,3,223401,7660,3.4288
2001,4,164641,6539,3.9717
2001,5,108413,5060,4.6673
2001,6+,145121,8161,5.6236
2002,1,368498,7481,2.0301
2002,2,375361,11136,2.9667
2002,3,286066,10406,3.6376
2002,4,195478,8245,4.2179
2002,5,123824,5760,4.6518
2002,6+,163900,9644,5.8841
2003,1,337975,6151,1.8200
2003,2,348328,9546,2.7405
2003,3,287551,10051,3.4954
2003,4,206177,8475,4.1105
2003,5,135521,6254,4.6148
2003,6+,186397,10988,5.8949
2004,1,353077,6065,1.7178
2004,2,353772,9152,2.5870
2004,3,299742,9961,3.3232
2004,4,217091,8527,3.9278
2004,5,144172,6449,4.4731
2004,6+,202171,11538,5.7070
2005,1,417906,6457,1.5451
2005,2,402906,9835,2.4410
2005,3,336090,11030,3.2819
2005,4,242192,9342,3.8573
2005,5,160383,7219,4.5011
2005,6+,230091,12789,5.5582
2006,1,443151,6721,1.5166
2006,2,437000,10302,2.3574
2006,3,360919,11308,3.1331
2006,4,263233,9963,3.7849
2006,5,177590,7927,4.4637
2006,6+,256198,14329,5.5929
2007,1,444518,6423,1.4449
2007,2,449962,10392,2.3095
2007,3,379488,11411,3.0069
2007,4,279908,10230,3.6548
2007,5,191601,8116,4.2359
2007,6+,282968,15510,5.4812
2008,1,497216,7689,1.5464
2008,2,485564,10895,2.2438
2008,3,408601,12290,3.0078
2008,4,302742,11088,3.6625
2008,5,207249,8691,4.1935
2008,6+,310144,16816,5.4220
2009,1,510484,6981,1.3675
2009,2,521278,11127,2.1346
2009,3,437670,12370,2.8263
2009,4,325173,11104,3.4148
2009,5,224996,9138,4.0614
2009,6+,344705,17570,5.0971
2010,1,555013,6647,1.1976
2010,2,556435,10892,1.9575
2010,3,468545,12247,2.6138
2010,4,351960,11346,3.2237
2010,5,244870,9173,3.7461
2010,6+,381017,18591,4.8793
2011,1,577726,6614,1.1448
2011,2,598558,10886,1.8187
2011,3,508982,12708,2.4967
2011,4,384355,11683,3.0396
2011,5,271573,9738,3.5858
2011,6+,430681,20025,4.6496
2012,1,620497,6697,1.0793
2012,2,631055,10971,1.7385
2012,3,540394,12676,2.3457
2012,4,413903,12014,2.9026
2012,5,295532,9863,3.3374
2012,6+,477430,20816,4.3600
2013,1,667375,6786,1.0168
2013,2,671341,11328,1.6874
2013,3,577028,12928,2.2404
2013,4,444272,12273,2.7625
2013,5,318905,10203,3.1994
2013,6+,519853,21320,4.1012
2014,1,695581,7154,1.0285
2014,2,705929,11159,1.5808
2014,3,611027,12585,2.0596
2014,4,473045,11892,2.5139
2014,5,342612,10010,2.9217
2014,6+,567914,21387,3.7659
2015,1,689497,6393,0.9272
2015,2,708475,10167,1.4351
2015,3,616231,11726,1.9029
2015,4,482333,11033,2.2874
2015,5,350920,9117,2.5980
2015,6+,589600,19835,3.3641
2016,1,690391,5993,0.8681
2016,2,700920,10016,1.4290
2016,3,616900,11061,1.7930
2016,4,485517,10085,2.0772
2016,5,355691,8301,2.3338
2016,6+,607152,17558,2.8919
2017,1,706943,6118,0.8654
2017,2,714082,9983,1.3980
2017,3,632953,11767,1.8591
2017,4,502109,11174,2.2254
2017,5,371169,9240,2.4894
2017,6+,642690,19442,3.0251
2018,1,740609,7248,0.9787
2018,2,761479,11759,1.5442
2018,3,674600,14122,2.0934
2018,4,538660,13504,2.5070
2018,5,402539,11493,2.8551
2018,6+,705349,24569,3.4832
2019,1,771752,7268,0.9418
2019,2,806995,12751,1.5801
2019,3,723353,16311,2.2549
2019,4,586776,16622,2.8328
2019,5,444195,14249,3.2078
2019,6+,816121,31658,3.8791
2020,1,845775,5358,0.6335
2020,2,893069,9565,1.0710
2020,3,819084,12055,1.4718
2020,4,680093,12452,1.8309
2020,5,524859,10632,2.0257
2020,6+,1004687,25926,2.5805
2021,1,819512,3603,0.4397
2021,2,923764,6420,0.6950
2021,3,869125,7661,0.8815
2021,4,739474,7905,1.0690
2021,5,583205,6890,1.1814
2021,6+,1178491,18617,1.5797
2022,1,780928,2541,0.3254
2022,2,916459,4877,0.5322
2022,3,873853,6066,0.6942
2022,4,745773,6325,0.8481
2022,5,590669,5412,0.9162
2022,6+,1160990,13546,1.1668
2023,1,833463,2481,0.2977
2023,2,972364,4448,0.4574
2023,3,921451,5377,0.5835
2023,4,783448,5453,0.6960
2023,5,618840,4821,0.7790
2023,6+,1237825,11774,0.9512
2024,1,8677349,1553,0.0179
2024,2,2476996,2836,0.1145
2024,3,869266,3589,0.4129
2024,4,773111,3689,0.4772
2024,5,631221,3439,0.5448
2024,6+,1322808,8264,0.6247
2025,1,9114332,693,0.0076
2025,2,4071611,1134,0.0279
2025,3,893743,1464,0.1638
2025,4,698138,1379,0.1975
2025,5,583222,1196,0.2051
2025,6+,1275509,3101,0.2431
